-- MySQL dump 10.13  Distrib 8.0.33, for Win64 (x86_64)
--
-- Host: 127.0.0.1    Database: movingsuggestions
-- ------------------------------------------------------
-- Server version	5.7.24

/*!40101 SET @OLD_CHARACTER_SET_CLIENT=@@CHARACTER_SET_CLIENT */;
/*!40101 SET @OLD_CHARACTER_SET_RESULTS=@@CHARACTER_SET_RESULTS */;
/*!40101 SET @OLD_COLLATION_CONNECTION=@@COLLATION_CONNECTION */;
/*!50503 SET NAMES utf8 */;
/*!40103 SET @OLD_TIME_ZONE=@@TIME_ZONE */;
/*!40103 SET TIME_ZONE='+00:00' */;
/*!40014 SET @OLD_UNIQUE_CHECKS=@@UNIQUE_CHECKS, UNIQUE_CHECKS=0 */;
/*!40014 SET @OLD_FOREIGN_KEY_CHECKS=@@FOREIGN_KEY_CHECKS, FOREIGN_KEY_CHECKS=0 */;
/*!40101 SET @OLD_SQL_MODE=@@SQL_MODE, SQL_MODE='NO_AUTO_VALUE_ON_ZERO' */;
/*!40111 SET @OLD_SQL_NOTES=@@SQL_NOTES, SQL_NOTES=0 */;

--
-- Table structure for table `cityindex`
--

DROP TABLE IF EXISTS `cityindex`;
/*!40101 SET @saved_cs_client     = @@character_set_client */;
/*!50503 SET character_set_client = utf8mb4 */;
CREATE TABLE `cityindex` (
  `index_id` int(11) NOT NULL AUTO_INCREMENT,
  `city_id` int(11) NOT NULL,
  `cost_of_living_index` double NOT NULL,
  `rent_index` double DEFAULT NULL,
  `col_plus_rent_index` double DEFAULT NULL,
  `groceries_index` double DEFAULT NULL,
  `restaurant_price_index` double DEFAULT NULL,
  `local_purchasing_power_index` double DEFAULT NULL,
  PRIMARY KEY (`index_id`),
  KEY `city_id` (`city_id`),
  CONSTRAINT `cityindex_ibfk_1` FOREIGN KEY (`city_id`) REFERENCES `cityinfo` (`city_id`)
) ENGINE=InnoDB AUTO_INCREMENT=579 DEFAULT CHARSET=utf8;
/*!40101 SET character_set_client = @saved_cs_client */;

--
-- Dumping data for table `cityindex`
--

LOCK TABLES `cityindex` WRITE;
/*!40000 ALTER TABLE `cityindex` DISABLE KEYS */;
INSERT INTO `cityindex` VALUES (1,1,149.02,96.1,124.22,157.89,155.22,79.43),(2,2,131.24,69.26,102.19,136.14,132.52,129.79),(3,3,130.93,49.38,92.7,137.07,130.95,111.53),(4,4,128.13,72.12,101.87,132.61,130.93,143.4),(5,5,123.99,44.99,86.96,129.17,119.8,111.96),(6,6,122.03,59.55,92.74,122.56,127.01,127.01),(7,7,120.47,27.76,77.01,141.33,116.95,15.4),(8,8,118.16,46.12,84.39,118.37,120.88,112.46),(9,9,114.05,75.05,95.77,112.7,126.31,120.6),(10,10,104.61,35.38,72.16,102.46,107.51,85.9),(11,11,103.65,65.07,85.56,114.92,94.28,89.24),(12,12,102.33,46.39,76.11,97.62,111.54,85.18),(13,13,100.38,34.84,69.66,96.22,103.51,86.96),(14,14,100,100,100,100,100,100),(15,15,99.43,37.74,70.52,95.11,103.21,88),(16,16,98.99,37.19,70.02,97.73,103.47,89.46),(17,17,97.61,46.27,73.55,91.92,105.77,74.84),(18,18,96.54,65.22,81.85,79.94,109.51,80.43),(19,19,95.01,78.42,87.23,99.53,99.41,93.86),(20,20,94.49,53.22,75.15,82.98,106.66,70.22),(21,21,94.36,88.22,91.48,106.23,78.85,85.78),(22,22,93.91,108.42,100.72,97.05,93.4,133.16),(23,23,92.93,87.79,90.52,98.46,78.71,111.73),(24,24,91.23,39.29,66.88,97.95,78.76,118.63),(25,25,89.41,90.39,89.87,100.63,73.46,155.41),(26,26,88.86,32.68,62.52,76.04,100.37,72.86),(27,27,88.77,23.1,57.99,81.06,92.07,80.11),(28,28,88.52,65.84,77.89,87.34,93.09,145.39),(29,29,88.34,49.42,70.1,71.49,106.02,90.67),(30,30,88.18,36.52,63.97,69.2,111.78,95.49),(31,31,87.44,24.34,57.86,74.28,94.59,77.61),(32,32,86.32,40.36,64.78,74.46,101.01,79.55),(33,33,85.98,36.36,62.72,76.79,86.61,46.7),(34,34,85.62,76.51,81.35,64.08,89.41,88.79),(35,35,85.61,42.71,65.5,94.94,52.26,88.58),(36,36,85.47,78.26,82.09,85.4,90.86,115.72),(37,37,84.6,36.1,61.87,83.37,87.59,64.22),(38,38,84.35,48.79,67.68,83.65,81.64,80.2),(39,39,84.02,69.36,77.15,79.19,83.16,105.72),(40,40,83.98,66.43,75.75,77.08,61.17,91.34),(41,41,83.74,73.47,78.93,83.86,82.36,121.83),(42,42,83.21,58.03,71.41,79.65,73.06,104.52),(43,43,82.99,63.43,73.82,75.83,95.17,100.19),(44,44,82.46,35.95,60.66,74.46,100.73,90.3),(45,45,82.43,23.26,54.7,71.24,93.27,100.93),(46,46,82.36,39.14,62.1,89.37,68.36,115.5),(47,47,82.06,35.04,60.02,83.7,83.45,109.44),(48,48,80.82,55.8,69.09,64.45,85.59,94.45),(49,49,80.79,63,72.45,81.67,73.28,155.89),(50,50,80.71,74.57,77.83,84.72,58.58,65.74),(51,51,80.64,32.34,58,67.22,85.84,84.3),(52,52,80.26,34.06,58.6,87.2,67.48,57.49),(53,53,80.19,45.49,63.93,75.19,79.09,79.21),(54,54,79.79,52.81,67.14,66.33,79.42,77.06),(55,55,79.76,44.61,63.28,65.53,85.88,77.9),(56,56,79.57,51.44,66.39,63.41,86.88,74.78),(57,57,79.44,37.56,59.81,79.33,74.5,103.8),(58,58,79.19,49.57,65.31,81.67,71.07,115.61),(59,59,79.19,74.48,76.98,75.94,91.73,126.12),(60,60,79.08,47.05,64.07,79.07,78.57,114.68),(61,61,79.06,23.62,53.07,71.16,89.3,96.82),(62,62,79.05,62.39,71.24,63.64,83.31,81.82),(63,63,78.92,43.96,62.54,70.58,82,95.42),(64,64,78.82,28.19,55.09,84.3,75.48,84.93),(65,65,78.66,33.87,57.66,98.28,47.26,74.5),(66,66,78.24,37.74,59.26,64.14,78.09,86.92),(67,67,78.23,28.34,54.85,63.2,90.81,94.79),(68,68,78,64.96,71.88,76.72,79.18,93.71),(69,69,77.94,27.96,54.51,65.77,77.83,78.31),(70,70,77.88,50.55,65.07,80.84,70.23,101.43),(71,71,77.8,31.3,56,65.82,79.62,86.52),(72,72,77.52,47.34,63.37,66.77,76.82,95.16),(73,73,77.44,39.8,59.8,67.73,77.69,71.94),(74,74,77.4,21.57,51.23,77.91,77.37,62.75),(75,75,77.32,30.14,55.2,66.32,79.87,68.01),(76,76,77.29,33.08,56.57,76.45,72.08,110.04),(77,77,77.26,48.61,63.83,77.13,78.68,121.26),(78,78,77.25,45.36,62.3,85.59,71.12,94.16),(79,79,77.21,31.45,55.76,76.04,71.34,82.65),(80,80,77.2,37.29,58.49,66.23,76.16,77.18),(81,81,77.17,38.32,58.96,69.7,83.74,83.51),(82,82,77.06,57.25,67.77,73.3,76.34,135.26),(83,83,76.86,56.56,67.35,81.28,82.48,101.32),(84,84,76.83,52.91,65.62,75.46,74.61,108.09),(85,85,76.76,38.65,58.9,77.78,74.68,102.16),(86,86,76.71,29.13,54.41,82.24,44.42,81.58),(87,87,76.66,45.43,62.02,75.75,69.08,85.49),(88,88,76.65,44.9,61.77,80.26,79.11,89.12),(89,89,76.61,56.47,67.17,79.84,74.29,87.68),(90,90,76.6,48.58,63.47,78,70.94,130.67),(91,91,76.59,32.79,56.06,78.09,67.72,104.24),(92,92,76.58,28.43,54.01,72.64,72.53,104.91),(93,93,76.57,24.74,52.27,75.31,79.45,90.06),(94,94,76.36,38.13,58.44,77.93,82.35,79.64),(95,95,76.24,41.74,60.07,64.83,76.3,91.36),(96,96,76.17,43.96,61.07,73.4,77.55,106.63),(97,97,76.15,42.64,60.44,62.63,82.01,84.45),(98,98,76.02,49.12,63.41,66.52,74.95,78.75),(99,99,75.94,48.36,63.01,77.11,61.45,105.41),(100,100,75.94,42.5,60.26,76.81,79.07,105.11),(101,101,75.83,46.37,62.02,80.03,74.23,98.28),(102,102,75.8,39.95,58.99,73.38,73.8,101.22),(103,103,75.68,49.17,63.25,65.9,75.45,104.03),(104,104,75.62,57.61,67.18,82.53,40.27,57.39),(105,105,75.6,22.24,50.59,60.86,90.13,88.99),(106,106,75.52,34.08,56.1,62.37,80.71,73.46),(107,107,75.47,68.77,72.33,73.82,78.67,127.94),(108,108,75.41,35.29,56.6,76.36,79.48,125.32),(109,109,75.31,30.21,54.17,72.55,80.25,106.03),(110,110,75.27,28.6,53.39,64.58,85.8,83.59),(111,111,75.27,41.7,59.53,63.44,85.76,100.89),(112,112,75.24,31.02,54.51,74.45,72.93,123.18),(113,113,75.16,55.36,65.88,72.13,76.59,129.98),(114,114,75.08,27.8,52.92,68.03,76.36,83.94),(115,115,74.99,37.63,57.48,74.17,79.49,118.92),(116,116,74.91,34.04,55.75,82.91,65.22,87.92),(117,117,74.8,44.61,60.65,62.83,80.37,53.96),(118,118,74.78,31.54,54.51,68.77,82.09,47.96),(119,119,74.59,22.54,50.19,70.69,62.68,79.03),(120,120,74.39,33.35,55.15,64.69,77,87.04),(121,121,74.29,29.56,53.32,72.4,73.62,124.36),(122,122,74.29,51.78,63.74,69.91,74.36,101.29),(123,123,74.26,41.51,58.91,74.4,72.77,137.64),(124,124,74.12,74.93,74.5,75.4,71,157.35),(125,125,74.11,40.25,58.24,61.06,77.49,96.5),(126,126,73.98,35.81,56.09,78.63,63.1,89.2),(127,127,73.94,41.27,58.63,64.74,76.42,88.51),(128,128,73.93,37.44,56.83,71.28,73.19,101.63),(129,129,73.85,32.58,54.51,72.38,70.9,90.2),(130,130,73.75,26.67,51.68,67.5,79.03,84.86),(131,131,73.71,82.3,77.74,70.53,74.25,157.39),(132,132,73.62,53.5,64.19,73.46,74,111.46),(133,133,73.61,28.67,52.54,66.31,76.96,93.83),(134,134,73.58,37.93,56.87,77.67,81.13,108.83),(135,135,73.56,36.64,56.26,65.97,72.83,86.5),(136,136,73.56,41.68,58.61,74.65,73.38,136.13),(137,137,73.55,43.45,59.44,69.49,76.72,92.88),(138,138,73.55,26.48,51.49,67.58,75.39,78.35),(139,139,73.4,34.08,54.97,70.06,72.09,114.16),(140,140,73.15,37.38,56.38,59.68,84.71,88.03),(141,141,73.15,39.86,57.54,70.8,73.74,94.3),(142,142,73.14,37.65,56.5,60.6,73.63,73.92),(143,143,73.14,34.94,55.23,60.14,87.5,91.33),(144,144,73.12,47.77,61.24,67.93,65.27,99.7),(145,145,73.05,46.16,60.44,60.4,83.11,92.85),(146,146,72.97,31.35,53.46,65.03,77.34,101.17),(147,147,72.86,29.03,52.32,68.2,73.73,109.54),(148,148,72.81,21.7,48.85,60.1,77.72,60.66),(149,149,72.79,19.72,47.91,69.58,71.05,51.57),(150,150,72.78,39.15,57.02,58.44,66.41,106.89),(151,151,72.75,43.09,58.84,83.18,56.71,100.34),(152,152,72.67,21.4,48.64,72.16,66.83,81.58),(153,153,72.64,23.27,49.5,65.21,73.57,63.32),(154,154,72.57,21.68,48.71,58.01,80.36,119.81),(155,155,72.54,31.69,53.39,78.24,62.48,85.03),(156,156,72.54,30.43,52.8,65.99,63.12,91.65),(157,157,72.53,31.3,53.2,79.21,65.02,78.44),(158,158,72.38,45.16,59.62,72.08,81.87,101.79),(159,159,72.27,27.99,51.51,68.37,69.98,88.18),(160,160,72.14,32.91,53.75,52.74,77.41,102.21),(161,161,72.1,45.74,59.74,65.21,77.13,108.69),(162,162,72.01,36.75,55.48,57.23,68.12,101.1),(163,163,71.73,22.46,48.64,70.32,65.19,123.94),(164,164,71.67,40.84,57.22,71.55,72.28,98.13),(165,165,71.65,18.08,46.54,64.55,73.07,63.01),(166,166,71.57,29.13,51.68,71.98,69.13,100.12),(167,167,71.56,39.74,56.65,73.6,68.6,109.19),(168,168,71.49,34.7,54.24,69.53,78.98,129.75),(169,169,71.39,26.18,50.19,56.4,86.7,90.09),(170,170,71.34,26.73,50.43,65.7,70.68,91.62),(171,171,71.33,25.8,49.99,61.55,76,90.25),(172,172,71.32,40.45,56.85,56.75,83.16,84.81),(173,173,71.19,25.36,49.71,61.78,84.07,91.43),(174,174,71.16,30.52,52.11,62.31,78.14,85.02),(175,175,71.08,30.96,52.27,53.92,73.85,95.72),(176,176,71.05,23.86,48.93,72.68,64.74,95.31),(177,177,71,37.19,55.15,62.72,70.26,51.33),(178,178,70.87,26.04,49.86,73.26,67.88,84.35),(179,179,70.81,27.63,50.57,65.22,73.13,53.36),(180,180,70.7,24.61,49.1,58,73.68,84.01),(181,181,70.68,36.65,54.73,68.34,67.09,110.05),(182,182,70.67,46.95,59.55,71.66,71.09,96.91),(183,183,70.62,20.64,47.19,66.72,69.74,101.06),(184,184,70.6,31.2,52.13,73.62,68.41,89.93),(185,185,70.53,32.15,52.54,66.99,68.46,77.81),(186,186,70.49,36.54,54.57,64.74,79.2,100.36),(187,187,70.44,39.17,55.78,69.11,60.26,103.49),(188,188,70.42,40.41,56.35,70.1,66.32,112.62),(189,189,70.37,42.09,57.11,80.32,66.25,104.76),(190,190,70.33,27.37,50.19,70.13,62.04,101.59),(191,191,70.28,47.97,59.82,74.16,63.62,159.99),(192,192,70.27,37.64,54.98,72.21,70.22,92.73),(193,193,70.14,32.29,52.4,74.76,58.11,66.7),(194,194,70.06,51.42,61.32,69.24,67.63,144.88),(195,195,70.06,26.85,49.81,62.4,73.92,79.66),(196,196,69.97,27.3,49.97,60.18,76.78,77.4),(197,197,69.9,31.96,52.11,54.86,74.18,93.92),(198,198,69.89,21.15,47.04,56.17,60.72,105.62),(199,199,69.87,57.14,63.9,73.73,74.39,110.03),(200,200,69.79,26.48,49.49,61.83,74.24,58.89),(201,201,69.79,55.44,63.07,70.45,70.77,110.05),(202,202,69.73,41.68,56.58,64.84,71.84,77.45),(203,203,69.7,37.02,54.38,67.9,68.94,151.29),(204,204,69.64,18.56,45.7,63.15,69.04,69.1),(205,205,69.64,37.71,54.67,78.13,67.36,88.21),(206,206,69.61,41.06,56.23,72.72,51.65,67.31),(207,207,69.59,31.03,51.51,56.46,64.7,89.1),(208,208,69.51,35.37,53.51,74.58,70.42,144.3),(209,209,69.44,26.68,49.4,70.31,66.08,104.02),(210,210,69.37,43.85,57.4,66.78,71.42,135.94),(211,211,69.33,30.03,50.91,72.4,65.94,108.35),(212,212,68.99,21.46,46.71,69.42,65.08,87.22),(213,213,68.97,34.02,52.59,64.72,72.91,116.4),(214,214,68.94,38.59,54.71,56.41,61.05,105.86),(215,215,68.91,29.64,50.51,56.87,76.53,106.17),(216,216,68.88,31.13,51.19,64.56,71.92,58.02),(217,217,68.76,28.82,50.04,55.63,77.95,96.42),(218,218,68.7,35.83,53.29,67.31,70.72,73.85),(219,219,68.57,43.47,56.8,64.68,69.82,126.09),(220,220,68.57,33,51.9,68.42,65.4,75.42),(221,221,68.51,25.89,48.53,55.01,66.96,79.93),(222,222,68.38,35.27,52.86,55.5,71.32,109.02),(223,223,68.36,34.66,52.56,61.71,66.93,79.56),(224,224,68.35,22.77,46.98,51.32,65.4,95.07),(225,225,68.34,38.21,54.22,61.14,73.39,124.83),(226,226,68.29,43.29,56.57,60.93,81.52,82.63),(227,227,68.28,32.44,51.48,52.64,68.8,109.99),(228,228,68.2,41.39,55.63,70.36,69.44,144.12),(229,229,68.17,22.37,46.7,66.1,66.85,52.1),(230,230,68.11,35.09,52.63,64.88,70.34,112.36),(231,231,68.1,45.87,57.68,66.7,69.78,123.32),(232,232,68.03,27.92,49.23,66.09,59.01,79.21),(233,233,67.98,21.34,46.11,62.32,68.68,63.11),(234,234,67.85,50.17,59.56,63.61,71.74,170.66),(235,235,67.75,37.52,53.58,65.07,77.5,130.94),(236,236,67.71,32.24,51.09,70.16,69.26,109.65),(237,237,67.59,32.4,51.09,55.69,69.59,98.44),(238,238,67.57,30.47,50.18,56.17,75.71,88.49),(239,239,67.54,21.03,45.74,60.07,72.34,61.95),(240,240,67.32,38.75,53.93,66.91,72.34,132.13),(241,241,67.25,33.1,51.24,55.36,68.91,81.78),(242,242,67.14,36.12,52.6,67.62,67.64,121.53),(243,243,67.04,27.03,48.29,55.62,60.74,95.57),(244,244,66.97,25.4,47.49,55.63,60.21,115.65),(245,245,66.95,35.98,52.43,67.04,66.75,86.35),(246,246,66.94,28.91,49.11,58.06,63.75,108.7),(247,247,66.86,25.72,47.57,56.08,71.13,97.66),(248,248,66.83,32.58,50.78,67.03,66.47,123.2),(249,249,66.67,28.74,48.89,50.43,68.61,107.39),(250,250,66.58,17.51,43.58,52.76,73.8,97.94),(251,251,66.5,57.68,62.36,67.33,73.74,158.21),(252,252,66.46,23.27,46.22,56.19,73.5,82.43),(253,253,66.3,22.43,45.73,50.44,73.24,85.4),(254,254,66.07,33.5,50.8,60.66,75.16,127.2),(255,255,66.06,18.51,43.77,58.2,67.44,57.68),(256,256,65.88,27.8,48.03,51.61,66.17,103.03),(257,257,65.88,26.92,47.62,57.43,63.83,89.07),(258,258,65.8,24.64,46.5,80.24,34.24,59.33),(259,259,65.74,26.12,47.17,57.73,74.02,91.62),(260,260,65.69,37.25,52.36,69,60.43,91.7),(261,261,65.48,27.73,47.78,52.99,60.54,108.54),(262,262,65.26,29.86,48.66,53.36,72.33,55.84),(263,263,65.19,22.02,44.95,59.26,64.02,67.23),(264,264,65.18,32.67,49.94,63.59,56.27,71.18),(265,265,65.13,28.11,47.78,59.33,66.34,97.21),(266,266,64.99,22.91,45.26,64.78,63.45,90.45),(267,267,64.95,42.34,54.35,61.4,65.68,140.61),(268,268,64.94,31.83,49.42,69.97,57.78,127.95),(269,269,64.93,22.03,44.82,52.16,69.96,66.62),(270,270,64.91,24.93,46.17,52.47,72.19,92.59),(271,271,64.65,35.49,50.98,50.02,62.73,94.46),(272,272,64.54,24.83,45.93,49.25,67.89,131.75),(273,273,64.53,19.34,43.35,52.57,65.96,60.28),(274,274,64.39,39.74,52.83,64.25,63.76,125.17),(275,275,64.34,27.66,47.15,61.91,65.88,83.69),(276,276,64.32,44.08,54.83,48.24,70.7,101.11),(277,277,63.94,43.38,54.3,61.26,67.45,172.98),(278,278,63.81,26.88,46.5,57.84,61.97,65.48),(279,279,63.73,32.77,49.21,48.72,68.9,76.52),(280,280,63.66,32.99,49.28,63.2,72.07,103.42),(281,281,63.61,20.98,43.63,47.32,65.81,81.89),(282,282,63.44,33.91,49.6,64.6,64.07,122.44),(283,283,63.4,23.06,44.49,47.87,77.47,102.02),(284,284,62.92,29.27,47.15,69.21,55.65,102.4),(285,285,62.9,49.19,56.48,55.14,63,89.93),(286,286,62.83,23.29,44.3,47.91,55.86,79.8),(287,287,62.59,38.27,51.19,57.25,69.45,137.67),(288,288,62.59,18.14,41.75,53.28,65.58,64.98),(289,289,62.46,21.21,43.12,47.74,58.64,109.14),(290,290,62.35,28.92,46.68,58.89,60.48,132.05),(291,291,62.35,21.37,43.14,53.19,59.26,56.2),(292,292,62.29,34.91,49.45,58.08,69.54,109.95),(293,293,62.24,23.82,44.23,48.69,61.63,77.06),(294,294,62.2,22.9,43.78,63.55,55.56,102.89),(295,295,62.07,21.79,43.19,52.73,63.89,86.57),(296,296,61.81,21.74,43.03,49.49,57.99,116.48),(297,297,61.4,15.91,40.08,75.57,28.88,55.49),(298,298,61.36,27.54,45.51,47.29,61.66,103.28),(299,299,61.15,30.6,46.83,49.39,61.89,70.83),(300,300,59.26,25.6,43.48,57.28,64.63,131.07),(301,301,59.2,19.23,40.46,51.98,73.56,40.68),(302,302,59.01,31.95,46.32,49.14,62.31,74.83),(303,303,58.97,28.92,44.88,48.41,61.53,63.24),(304,304,58.97,17.92,39.73,46.99,60.78,40.03),(305,305,58.92,24.26,42.67,53.08,57.42,119.24),(306,306,58.74,10.18,35.98,43.05,43.7,37.37),(307,307,58.4,13.6,37.4,43.85,55.28,37.91),(308,308,57.97,14.72,37.7,49.5,52.07,58.89),(309,309,57.89,91.8,73.79,49.79,58.49,75.22),(310,310,57.38,19.76,39.74,47.83,55.84,55.32),(311,311,57.35,17.53,38.68,44.63,61.39,54.62),(312,312,57.26,29.87,44.42,56.24,33.01,28.52),(313,313,57.18,23.5,41.4,49.44,52.01,60.19),(314,314,57.08,15.25,37.47,47.25,44.72,36.04),(315,315,55.92,23.17,40.56,54.45,48.18,118.77),(316,316,55.91,17.2,37.77,45.92,40.14,1.62),(317,317,55.75,19.24,38.63,42.71,58.55,64.89),(318,318,54.8,18.03,37.56,48.83,54.8,69.32),(319,319,54.54,26.23,41.27,55.82,47.98,32.31),(320,320,54.3,28.18,42.06,42.9,50.3,62.59),(321,321,53.9,44.47,49.48,57.06,42.55,53),(322,322,53.85,16.29,36.24,43.62,43.19,92.73),(323,323,53.79,15.16,35.68,45.81,54.85,60.53),(324,324,53.43,17.42,36.55,43.92,55.09,74.98),(325,325,53.28,20.95,38.13,49.6,47.29,71.04),(326,326,52.97,22.45,38.67,45.34,55.18,70.04),(327,327,52.86,16.35,35.74,43.42,52.53,61.21),(328,328,52.72,28.6,41.41,57.92,29.33,20.57),(329,329,52.58,27.92,41.02,38.45,59.57,48.26),(330,330,52.57,11.1,33.13,43.47,36.65,76.08),(331,331,52.52,26.1,40.14,44.09,51.62,65.84),(332,332,52.18,10.63,32.7,41.65,48.02,29.51),(333,333,52.03,16.04,35.16,44.53,46.02,81.61),(334,334,52,15.11,34.71,43.85,47.54,30.79),(335,335,51.78,26.02,39.7,45.19,42.51,71.96),(336,336,51.73,16.05,35.01,44.19,51.54,78.54),(337,337,51.7,31.39,42.18,40.29,50.65,48.26),(338,338,51.64,14.31,34.14,44.32,43.38,68.02),(339,339,51.59,15.72,34.78,44.75,46.61,42.48),(340,340,51.57,18.43,36.04,53.78,38.03,26.11),(341,341,51.54,14.75,34.29,38.97,50.95,52.82),(342,342,51.47,19.85,36.65,43.08,52.15,79.93),(343,343,51.24,18.54,35.91,47.14,48.5,86.53),(344,344,51.08,28.06,40.29,57.71,34.42,68.96),(345,345,50.92,19.62,36.25,43.04,52.25,63.82),(346,346,50.87,23.33,37.96,42.88,46.64,23.14),(347,347,50.86,38.41,45.03,38.25,55.25,41.22),(348,348,50.52,23.41,37.81,45.62,47.89,56.7),(349,349,50.49,17.44,35,36.77,21.45,9.83),(350,350,50.36,26.45,39.15,50.2,25.83,29.77),(351,351,50.14,12.26,32.38,44.3,46.92,43.59),(352,352,50.1,18.84,35.44,54.48,23.19,14.8),(353,353,49.88,17.1,34.51,42.03,40.36,55.08),(354,354,49.53,39.16,44.67,47.4,39.45,53.08),(355,355,49.44,23.04,37.06,41.99,44.73,62.63),(356,356,49.37,23.62,37.3,40.25,42.42,44.87),(357,357,49.29,20.98,36.02,42.93,39.2,65.14),(358,358,49.21,20.44,35.73,58,33.46,64.95),(359,359,49.19,10.1,30.87,48.25,61.28,16.38),(360,360,49.16,20.61,35.78,38.93,40.06,46.47),(361,361,49.03,54.01,51.36,41.01,36.79,56.71),(362,362,48.45,12.66,31.67,42.97,34.27,93.58),(363,363,48.21,14.98,32.63,44.03,33.18,61.3),(364,364,48.19,17.39,33.75,39.27,44.47,51.15),(365,365,48,31.21,40.13,35.81,47.2,68.84),(366,366,47.65,17.47,33.51,46.14,43.16,42.86),(367,367,47.35,15.51,32.43,39.88,38.17,53.04),(368,368,47.06,19.73,34.25,40.32,32.22,6.27),(369,369,46.99,19.1,33.92,39.26,39.03,46.28),(370,370,46.94,19.22,33.95,36.84,48.79,62.14),(371,371,46.47,13.56,31.04,41.28,33.71,65.17),(372,372,46.46,17.99,33.11,39.33,37.07,43.88),(373,373,46.13,16.01,32.01,39.18,41.98,52.66),(374,374,45.94,16.81,32.28,51,38.07,58.75),(375,375,45.69,9.56,28.75,37.05,39.05,17.59),(376,376,45.67,15.46,31.51,36.37,45.81,49.68),(377,377,45.64,15.3,31.42,40.12,47.92,32.08),(378,378,45.32,14.02,30.65,44.47,37.11,21.83),(379,379,45.31,12.08,29.73,37.6,48.6,15.87),(380,380,44.87,15.89,31.28,35.54,41.17,72.15),(381,381,44.74,13.22,29.97,36.18,45.77,64.93),(382,382,44.66,10.69,28.74,41.48,35.56,22.21),(383,383,44.59,16.09,31.23,42.19,33.71,24.37),(384,384,44.34,16.39,31.24,46.43,28.95,27.28),(385,385,43.94,20.55,32.98,33.93,42.14,66.04),(386,386,43.81,12.87,29.31,50.73,27.4,56.04),(387,387,43.61,9.63,27.68,37.23,35.41,56.42),(388,388,43.26,11,28.14,43.83,22.8,19.69),(389,389,42.92,15.33,29.98,34.59,38.35,50.58),(390,390,42.87,16.31,30.42,46.21,23.86,14.1),(391,391,42.76,14.21,29.38,35.05,36.46,87.26),(392,392,42.7,11.81,28.22,35.71,52.25,51.4),(393,393,42.29,15.91,29.93,43.25,28.47,72.85),(394,394,42.24,14.58,29.27,36.68,38.75,55.31),(395,395,42.22,12.69,28.37,46.46,21.6,29.88),(396,396,42.2,28.04,35.56,33.38,44.85,49.56),(397,397,42.13,13.98,28.93,42.79,26.5,23.25),(398,398,41.32,17.95,30.37,35,35.02,64.36),(399,399,41.3,17.76,30.26,33.13,37.8,67.1),(400,400,41.12,17.52,30.06,33.9,35.12,59.89),(401,401,41.11,21.43,31.88,43.52,27.08,70.13),(402,402,40.98,22.64,32.38,34.81,41.41,75.83),(403,403,40.86,16.46,29.42,41.78,23.44,25.32),(404,404,40.83,12.15,27.39,37.71,33.36,47.23),(405,405,40.77,25.18,33.46,39.85,25.18,22.24),(406,406,40.72,14.92,28.63,33.89,35.71,58.32),(407,407,40.48,12.62,27.42,38,31.34,29.69),(408,408,40.33,14.69,28.31,33.58,37.72,73.88),(409,409,40.26,14.14,28.02,34.41,33.37,64.03),(410,410,40.16,14.75,28.25,35.43,36.57,53.12),(411,411,40.1,14.84,28.26,33.5,39.45,53.15),(412,412,40.08,10.23,26.09,35.43,32.33,49.5),(413,413,40.05,13.88,27.78,30.1,34.51,36.05),(414,414,40.03,10.81,26.33,37.04,30.39,49.86),(415,415,39.98,13.89,27.75,44.89,22.83,60.88),(416,416,39.94,12.28,26.97,32.34,33.7,29.96),(417,417,39.34,11.54,26.31,32.87,30.69,35.98),(418,418,39.31,15.38,28.1,33.75,32.29,51.05),(419,419,39.25,9.87,25.48,47.29,20.16,39.43),(420,420,39.25,14.13,27.47,41.08,24.67,64.04),(421,421,39.14,8.32,24.7,34.27,36.27,46.29),(422,422,39.04,18.8,29.55,39.43,35.29,44.68),(423,423,39.04,13.14,26.9,44.17,21.33,17.64),(424,424,39.01,17.85,29.09,39.91,21.57,30.87),(425,425,38.85,15.34,27.83,35.22,41.42,38.24),(426,426,38.74,20.04,29.97,41.01,32.77,21.12),(427,427,38.68,11.33,25.86,30.99,29.86,31.15),(428,428,38.57,11.65,25.95,34.01,29.39,31.41),(429,429,38.46,15.34,27.62,37.47,36.54,42.98),(430,430,38.42,9.44,24.84,34.5,31.14,45.56),(431,431,38.42,9.27,24.76,32.34,27.81,43.73),(432,432,38.04,13.89,26.72,30.29,31.12,60.2),(433,433,38.03,12.56,26.09,32.56,32.77,39.88),(434,434,38.01,11.6,25.63,33.02,30.64,32.91),(435,435,37.98,17.23,28.25,24.37,18.47,22.77),(436,436,37.94,13.94,26.69,31.45,30.2,57.76),(437,437,37.81,17.14,28.12,32.33,36.46,40.77),(438,438,37.61,7.92,23.69,32.6,27.12,38.29),(439,439,37.61,9.31,24.34,39.6,21.49,65.85),(440,440,37.53,10.87,25.03,33.15,27.83,34.57),(441,441,37.51,14.49,26.72,32.13,31.55,29.23),(442,442,37.44,10.32,24.73,29.45,29.78,42.73),(443,443,37.41,20.93,29.68,35.45,37.82,36.74),(444,444,37.33,61.89,48.84,39.28,29.59,8.3),(445,445,37.26,11.24,25.06,30.69,37.25,45.4),(446,446,37.13,11.03,24.9,31.26,33.64,44.06),(447,447,36.85,12.21,25.3,38.66,19.21,30.67),(448,448,36.85,10.25,24.38,34.34,26.53,33.16),(449,449,36.84,11.08,24.77,29.88,31.75,43.54),(450,450,36.82,8.09,23.35,32.3,34.44,42.39),(451,451,36.74,9.45,23.95,31.62,17.87,18.71),(452,452,36.67,11.51,24.88,31.46,29.14,18.93),(453,453,36.63,12.18,25.17,33.97,30.98,44.65),(454,454,36.59,13.49,25.76,31.7,26.04,34.07),(455,455,36.38,8.96,23.53,37.61,28.65,5.03),(456,456,36.19,9.57,23.71,32.76,33.8,48.27),(457,457,36.16,11.23,24.47,32.16,32.52,54.26),(458,458,35.98,11.5,24.5,32.5,26.61,9.83),(459,459,35.88,13.57,25.42,32.25,30.62,29.23),(460,460,35.7,11.58,24.4,35.71,36.46,33.5),(461,461,35.67,14.37,25.68,31.64,29.41,34.67),(462,462,35.48,13.02,24.95,38.36,24.27,74.04),(463,463,35.4,11.31,24.11,37.11,30.27,51.02),(464,464,35.39,7.21,22.18,37.61,15.98,21.84),(465,465,35.35,7.91,22.49,32.09,28.48,49.45),(466,466,35.25,10.73,23.75,28.54,34.35,26.89),(467,467,35.12,6.21,21.57,31.49,24.41,23.81),(468,468,34.9,8.07,22.32,28.77,25.67,37.02),(469,469,34.86,11.11,23.73,36.15,23.35,25.02),(470,470,34.85,8.59,22.54,31.58,27.98,52.91),(471,471,34.81,7.13,21.84,30.66,33.57,31.37),(472,472,34.81,12.34,24.28,30.46,26.09,39.03),(473,473,34.65,10.31,23.24,37.39,17.58,23.63),(474,474,34.6,14.52,25.18,33.18,25.45,28.89),(475,475,34.49,6.28,21.27,32.69,24.98,50.96),(476,476,34.39,9.68,22.81,27.66,30.26,29.31),(477,477,34.21,12.05,23.82,32.87,23.99,30.84),(478,478,34.11,18.04,26.58,28.93,30.73,48.16),(479,479,34.1,9.8,22.71,34.07,31.55,74.9),(480,480,34.05,16.78,25.96,34.1,31.66,35.99),(481,481,34.02,12.9,24.12,29.65,32.69,33.45),(482,482,34.01,11.89,23.64,27.81,31.01,29.73),(483,483,33.97,16.59,25.82,31.15,22.16,13.54),(484,484,33.89,9.92,22.65,27.35,35.03,34.95),(485,485,33.62,13.86,24.36,39.57,19.92,18.58),(486,486,33.57,10.18,22.6,32.85,23.63,37.48),(487,487,33.4,7.26,21.15,26.46,24.98,40.38),(488,488,33.23,10.91,22.77,29.47,27.76,57.77),(489,489,32.79,12.07,23.08,28.51,33.48,31.15),(490,490,32.65,9.79,21.94,28.05,33.82,36.59),(491,491,32.54,18.69,26.05,26.44,25.95,22.68),(492,492,32.5,7.89,20.97,25.09,21.89,20.99),(493,493,32.39,7.41,20.68,28.71,28.52,24.38),(494,494,32.33,8.88,21.34,30.16,24.97,31.24),(495,495,32.27,16.04,24.66,27.99,29.84,26.37),(496,496,32.26,9.98,21.81,28.73,31.27,38.35),(497,497,32.1,8.69,21.13,26.56,30.09,36.94),(498,498,31.94,10.74,22.01,26.48,30.19,32.72),(499,499,31.82,10.41,21.78,25.52,26.56,34.38),(500,500,31.81,7.62,20.47,27.2,25.31,32.28),(501,501,31.6,9.46,21.23,27.73,29.83,28.03),(502,502,31.47,22.8,27.41,21.75,25.88,14.55),(503,503,31.14,9.97,21.22,23.77,21.01,28.73),(504,504,30.95,10.25,21.25,26.67,29.06,29.47),(505,505,30.8,9.77,20.94,36.08,13.91,12.16),(506,506,30.62,10.31,21.1,25.52,24.9,27.38),(507,507,30.46,11.6,21.62,26.14,24.61,33.98),(508,508,30.3,10.05,20.81,25.99,30.31,41),(509,509,30.27,6.26,19.02,31.11,24.36,46.47),(510,510,30.22,11.95,21.65,26.98,28.64,33.55),(511,511,29.94,6.45,18.93,28.83,17.08,24.2),(512,512,29.87,4.78,18.11,28.05,22.61,23.16),(513,513,29.84,6.67,18.98,30.25,20.79,21.78),(514,514,29.67,10.53,20.7,26.62,24.35,38.3),(515,515,29.36,10.66,20.59,28.76,27.02,22.63),(516,516,29.33,19.72,24.82,29.73,25.17,48.03),(517,517,29.26,10.49,20.46,24.57,23.66,32.74),(518,518,29.21,6.37,18.5,29.25,24.46,62.57),(519,519,28.81,9.47,19.74,25.65,22.53,32.78),(520,520,28.43,6.64,18.22,27.33,22.78,20.28),(521,521,28.42,7.77,18.74,25.66,18.16,27.03),(522,522,28.38,10.9,20.19,31.59,23.14,78.67),(523,523,28.37,6.39,18.06,23.44,18.66,35.18),(524,524,28.23,8.46,18.96,27.75,24.45,60.44),(525,525,28.2,8.59,19.01,31.14,20.04,102.64),(526,526,27.94,11.61,20.29,24.33,21.98,26.1),(527,527,27.72,8.47,18.7,28.44,24.88,36.29),(528,528,27.57,7.12,17.98,28.86,22.75,53.68),(529,529,27.55,5.26,17.1,28.37,19.88,54.56),(530,530,27.53,8.26,18.5,30.55,23.84,66.14),(531,531,27.33,4.18,16.48,30.58,21.19,38.61),(532,532,27.17,6.31,17.39,21.43,17.97,39.07),(533,533,26.61,6.47,17.17,29.69,18.17,51.21),(534,534,26.56,5.4,16.64,27.34,20.03,51.07),(535,535,26.55,8.34,18.02,24.76,22.54,23.06),(536,536,26.15,9.04,18.13,22.99,19.69,47.48),(537,537,26.08,6.76,17.02,28.88,16.98,46.31),(538,538,26.01,5.93,16.59,28.52,19.15,39.11),(539,539,25.99,5.57,16.42,28.24,18.89,44.66),(540,540,25.78,7,16.98,22.61,17.95,31.08),(541,541,25.61,4.24,15.59,28.59,18.37,39.6),(542,542,25.42,4.99,15.84,25.72,20.36,48.19),(543,543,25.38,3.79,15.26,31.29,12.3,32.82),(544,544,25.34,7.12,16.8,27.62,20.18,41.98),(545,545,25.32,4.48,15.55,27.55,19.49,46.1),(546,546,24.95,5.32,15.75,26.24,16.86,37.17),(547,547,24.92,3.7,14.97,27.36,18.34,35.75),(548,548,24.85,6.93,16.45,26.29,14.6,128.47),(549,549,24.81,4.44,15.26,27.7,16.98,63.17),(550,550,24.75,5.03,15.51,23.54,19.88,40.36),(551,551,24.6,4.74,15.29,27.92,14.48,35.31),(552,552,24.5,4.59,15.17,26.47,16.27,40),(553,553,24.47,4.46,15.09,28.31,16.27,44.8),(554,554,24.39,4.45,15.04,26.47,18.85,42.48),(555,555,24.04,5.82,15.5,26.53,18.27,46.52),(556,556,24.03,5.4,15.3,28.27,14.52,42.7),(557,557,23.97,5.04,15.1,24.58,16.53,51.5),(558,558,23.97,3.45,14.35,25.81,18.25,36.78),(559,559,23.73,4.58,14.75,27.17,14.87,47.91),(560,560,23.7,5.93,15.37,18.09,16.7,30.42),(561,561,23.45,4.85,14.73,26.68,15.04,40.73),(562,562,23.35,3.58,14.08,24.45,18.7,45.78),(563,563,23.34,4.47,14.49,25.97,14.58,54.15),(564,564,23.16,4.92,14.61,25.82,14.32,46.46),(565,565,22.9,6.3,15.12,25.89,13.48,59.47),(566,566,22.81,2.97,13.51,22.62,19.38,27.91),(567,567,22.04,2.94,13.08,21.79,19.31,58.35),(568,568,21.75,4.43,13.64,22.96,13.59,73.73),(569,569,21.57,4.5,13.57,22.83,12.07,50.02),(570,570,21.53,4.03,13.33,18.48,17.34,24.42),(571,571,21.5,5.79,14.13,18.39,18.19,29.52),(572,572,21.35,3.17,12.83,15.22,14.85,22.79),(573,573,21.28,3.89,13.13,24.27,11.39,54.43),(574,574,20.79,3.6,12.73,22.19,13.31,38.83),(575,575,20.75,4.84,13.29,18.48,15.21,29.16),(576,576,20.52,4.78,13.14,18.51,16.18,22.91),(577,577,18.68,2.94,11.3,18.37,11.8,25.09),(578,578,18.55,2.37,10.97,16.62,14.39,26);
/*!40000 ALTER TABLE `cityindex` ENABLE KEYS */;
UNLOCK TABLES;

--
-- Table structure for table `cityinfo`
--

DROP TABLE IF EXISTS `cityinfo`;
/*!40101 SET @saved_cs_client     = @@character_set_client */;
/*!50503 SET character_set_client = utf8mb4 */;
CREATE TABLE `cityinfo` (
  `city_id` int(11) NOT NULL,
  `city_name` varchar(255) DEFAULT NULL,
  `country_name` varchar(255) DEFAULT NULL,
  PRIMARY KEY (`city_id`)
) ENGINE=InnoDB DEFAULT CHARSET=utf8;
/*!40101 SET character_set_client = @saved_cs_client */;

--
-- Dumping data for table `cityinfo`
--

LOCK TABLES `cityinfo` WRITE;
/*!40000 ALTER TABLE `cityinfo` DISABLE KEYS */;
INSERT INTO `cityinfo` VALUES (1,'Hamilton',' Bermuda'),(2,'Zurich',' Switzerland'),(3,'Basel',' Switzerland'),(4,'Zug',' Switzerland'),(5,'Lugano',' Switzerland'),(6,'Lausanne',' Switzerland'),(7,'Beirut',' Lebanon'),(8,'Bern',' Switzerland'),(9,'Geneva',' Switzerland'),(10,'Stavanger',' Norway'),(11,'Honolulu',' United States'),(12,'Oslo',' Norway'),(13,'Bergen',' Norway'),(14,'New York',' United States'),(15,'Trondheim',' Norway'),(16,'Tromso',' Norway'),(17,'Reykjavik',' Iceland'),(18,'Saint Helier',' Jersey'),(19,'Santa Barbara',' United States'),(20,'Tel Aviv-Yafo',' Israel'),(21,'Berkeley',' United States'),(22,'San Francisco',' United States'),(23,'Oakland',' United States'),(24,'Anchorage',' United States'),(25,'Santa Clara',' United States'),(26,'Petah Tikva',' Israel'),(27,'Beersheba',' Israel'),(28,'Seattle',' United States'),(29,'Copenhagen',' Denmark'),(30,'Arhus',' Denmark'),(31,'Haifa',' Israel'),(32,'Jerusalem',' Israel'),(33,'Nassau',' Bahamas'),(34,'London',' United Kingdom'),(35,'Tokyo',' Japan'),(36,'Boston',' United States'),(37,'Nice',' France'),(38,'Paris',' France'),(39,'Queens',' United States'),(40,'Singapore',' Singapore'),(41,'Washington',' United States'),(42,'Sydney',' Australia'),(43,'Luxembourg',' Luxembourg'),(44,'Espoo',' Finland'),(45,'Aalborg',' Denmark'),(46,'Pittsburgh',' United States'),(47,'Darwin',' Australia'),(48,'Amsterdam',' Netherlands'),(49,'Jersey City',' United States'),(50,'Hong Kong',' Hong Kong'),(51,'Breda',' Netherlands'),(52,'Nanaimo',' Canada'),(53,'Auckland',' New Zealand'),(54,'Haarlem',' Netherlands'),(55,'Utrecht',' Netherlands'),(56,'Brighton',' United Kingdom'),(57,'Brisbane',' Australia'),(58,'Philadelphia',' United States'),(59,'Los Angeles',' United States'),(60,'Minneapolis',' United States'),(61,'Turku',' Finland'),(62,'Dublin',' Ireland'),(63,'Stockholm',' Sweden'),(64,'Birmingham',' United States'),(65,'Seoul',' South Korea'),(66,'Eindhoven',' Netherlands'),(67,'Odense',' Denmark'),(68,'Miami',' United States'),(69,'Groningen',' Netherlands'),(70,'Sacramento',' United States'),(71,'Nijmegen',' Netherlands'),(72,'Munich',' Germany'),(73,'Galway',' Ireland'),(74,'St. John\'s',' Canada'),(75,'Innsbruck',' Austria'),(76,'Perth',' Australia'),(77,'Charleston',' United States'),(78,'Asheville',' United States'),(79,'Lyon',' France'),(80,'Leiden',' Netherlands'),(81,'Helsinki',' Finland'),(82,'Chicago',' United States'),(83,'Fort Lauderdale',' United States'),(84,'Portland',' United States'),(85,'Melbourne',' Australia'),(86,'Osaka',' Japan'),(87,'Wellington',' New Zealand'),(88,'Victoria',' Canada'),(89,'Vancouver',' Canada'),(90,'Atlanta',' United States'),(91,'Adelaide',' Australia'),(92,'Lund',' Sweden'),(93,'Toulouse',' France'),(94,'Guelph',' Canada'),(95,'Rotterdam',' Netherlands'),(96,'Saint Paul',' United States'),(97,'Cork',' Ireland'),(98,'Guildford',' United Kingdom'),(99,'Plano',' United States'),(100,'Canberra',' Australia'),(101,'Tampa',' United States'),(102,'Gold Coast',' Australia'),(103,'Oxford',' United Kingdom'),(104,'Nagoya',' Japan'),(105,'Lincoln',' United Kingdom'),(106,'York',' United Kingdom'),(107,'San Diego',' United States'),(108,'Cleveland',' United States'),(109,'Omaha',' United States'),(110,'Leuven',' Belgium'),(111,'Reading',' United Kingdom'),(112,'Hamilton',' New Zealand'),(113,'Denver',' United States'),(114,'Uppsala',' Sweden'),(115,'Newcastle',' Australia'),(116,'Halifax',' Canada'),(117,'Milan',' Italy'),(118,'Sliema',' Malta'),(119,'Graz',' Austria'),(120,'Brussels',' Belgium'),(121,'Buffalo',' United States'),(122,'Toronto',' Canada'),(123,'Colorado Springs',' United States'),(124,'Fremont',' United States'),(125,'Limerick',' Ireland'),(126,'Salem',' United States'),(127,'The Hague (Den Haag)',' Netherlands'),(128,'Hobart',' Australia'),(129,'Christchurch',' New Zealand'),(130,'Malmo',' Sweden'),(131,'San Jose',' United States'),(132,'Nashville',' United States'),(133,'Enschede',' Netherlands'),(134,'Olympia',' United States'),(135,'Maastricht',' Netherlands'),(136,'Baltimore',' United States'),(137,'New Orleans',' United States'),(138,'Linz',' Austria'),(139,'Calgary',' Canada'),(140,'Edinburgh',' United Kingdom'),(141,'Ottawa',' Canada'),(142,'Milton Keynes',' United Kingdom'),(143,'Manchester',' United Kingdom'),(144,'Mississauga',' Canada'),(145,'Cambridge',' United Kingdom'),(146,'Gothenburg',' Sweden'),(147,'Edmonton',' Canada'),(148,'Parma',' Italy'),(149,'Genoa',' Italy'),(150,'Frankfurt',' Germany'),(151,'Fort Collins',' United States'),(152,'Grenoble',' France'),(153,'Bergamo',' Italy'),(154,'Derby',' United Kingdom'),(155,'Iowa City',' United States'),(156,'Delft',' Netherlands'),(157,'Syracuse',' United States'),(158,'Everett',' United States'),(159,'Saskatoon',' Canada'),(160,'Heidelberg',' Germany'),(161,'Markham',' Canada'),(162,'Hamburg',' Germany'),(163,'Red Deer',' Canada'),(164,'Surrey',' Canada'),(165,'Trieste',' Italy'),(166,'Rochester',' United States'),(167,'Milwaukee',' United States'),(168,'Albany',' United States'),(169,'Liverpool',' United Kingdom'),(170,'Nottingham',' United Kingdom'),(171,'Antwerp',' Belgium'),(172,'Bristol',' United Kingdom'),(173,'Tampere',' Finland'),(174,'Portsmouth',' United Kingdom'),(175,'Bonn',' Germany'),(176,'Marseille',' France'),(177,'Rome',' Italy'),(178,'Tauranga',' New Zealand'),(179,'Florence',' Italy'),(180,'Plymouth',' United Kingdom'),(181,'Detroit',' United States'),(182,'Reno',' United States'),(183,'Oulu',' Finland'),(184,'Montreal',' Canada'),(185,'Salzburg',' Austria'),(186,'London',' Canada'),(187,'Brampton',' Canada'),(188,'Fort Worth',' United States'),(189,'Durham',' United States'),(190,'Winnipeg',' Canada'),(191,'Ann Arbor',' United States'),(192,'Greensboro',' United States'),(193,'San Juan',' Puerto Rico'),(194,'Charlotte',' United States'),(195,'Norwich',' United Kingdom'),(196,'Gent',' Belgium'),(197,'Exeter',' United Kingdom'),(198,'Dortmund',' Germany'),(199,'Long Beach',' United States'),(200,'Bologna',' Italy'),(201,'North Vancouver',' Canada'),(202,'Kelowna',' Canada'),(203,'Columbus',' United States'),(204,'Brescia',' Italy'),(205,'Eugene',' United States'),(206,'Macao',' Macao'),(207,'Cologne',' Germany'),(208,'Jacksonville',' United States'),(209,'Regina',' Canada'),(210,'Phoenix',' United States'),(211,'Des Moines',' United States'),(212,'Quebec City',' Canada'),(213,'Fresno',' United States'),(214,'Berlin',' Germany'),(215,'Cardiff',' United Kingdom'),(216,'Windsor',' Canada'),(217,'Glasgow',' United Kingdom'),(218,'Kitchener',' Canada'),(219,'Vancouver',' United States'),(220,'Kingston',' Canada'),(221,'Augsburg',' Germany'),(222,'Stuttgart',' Germany'),(223,'Vienna',' Austria'),(224,'Mannheim',' Germany'),(225,'Las Vegas',' United States'),(226,'Boise',' United States'),(227,'Dusseldorf',' Germany'),(228,'Raleigh',' United States'),(229,'Pisa',' Italy'),(230,'Spokane',' United States'),(231,'Orlando',' United States'),(232,'Dayton',' United States'),(233,'Verona',' Italy'),(234,'Dallas',' United States'),(235,'Richmond',' United States'),(236,'Louisville',' United States'),(237,'Southampton',' United Kingdom'),(238,'Leeds',' United Kingdom'),(239,'Treviso',' Italy'),(240,'Madison',' United States'),(241,'Birmingham',' United Kingdom'),(242,'Indianapolis',' United States'),(243,'Hanover',' Germany'),(244,'Nuremberg',' Germany'),(245,'Hamilton',' Canada'),(246,'Coventry',' United Kingdom'),(247,'Newcastle upon Tyne',' United Kingdom'),(248,'Saint Louis',' United States'),(249,'Ulm',' Germany'),(250,'Stoke-on-Trent',' United Kingdom'),(251,'Austin',' United States'),(252,'Dundee',' United Kingdom'),(253,'Saarbrucken',' Germany'),(254,'Kansas City',' United States'),(255,'Cagliari',' Italy'),(256,'Karlsruhe',' Germany'),(257,'Sheffield',' United Kingdom'),(258,'Taipei',' Taiwan'),(259,'Belfast',' United Kingdom'),(260,'Chattanooga',' United States'),(261,'Darmstadt',' Germany'),(262,'Limassol',' Cyprus'),(263,'Turin',' Italy'),(264,'St.Catharines',' Canada'),(265,'Best',' Netherlands'),(266,'Toledo',' United States'),(267,'Salt Lake City',' United States'),(268,'Oklahoma City',' United States'),(269,'Padova',' Italy'),(270,'Leicester',' United Kingdom'),(271,'Freiburg im Breisgau',' Germany'),(272,'Erlangen',' Germany'),(273,'Nicosia',' Cyprus'),(274,'Cincinnati',' United States'),(275,'Tucson',' United States'),(276,'Dubai',' United Arab Emirates'),(277,'Houston',' United States'),(278,'Bilbao',' Spain'),(279,'Bournemouth',' United Kingdom'),(280,'Mesa',' United States'),(281,'Essen',' Germany'),(282,'Albuquerque',' United States'),(283,'Aberdeen',' United Kingdom'),(284,'Lexington',' United States'),(285,'Doha',' Qatar'),(286,'Leipzig',' Germany'),(287,'San Antonio',' United States'),(288,'Bari',' Italy'),(289,'Dresden',' Germany'),(290,'Tulsa',' United States'),(291,'Naples',' Italy'),(292,'Memphis',' United States'),(293,'Bremen',' Germany'),(294,'Akron',' United States'),(295,'Kingston upon Hull',' United Kingdom'),(296,'Aachen',' Germany'),(297,'Kaohsiung',' Taiwan'),(298,'Regensburg',' Germany'),(299,'Barcelona',' Spain'),(300,'Little Rock',' United States'),(301,'Port of Spain',' Trinidad And Tobago'),(302,'Madrid',' Spain'),(303,'Palma de Mallorca',' Spain'),(304,'Athens',' Greece'),(305,'Wichita',' United States'),(306,'Patras',' Greece'),(307,'Thessaloniki',' Greece'),(308,'Palermo',' Italy'),(309,'Abu Dhabi',' United Arab Emirates'),(310,'Larnaca',' Cyprus'),(311,'Catania',' Italy'),(312,'Male',' Maldives'),(313,'Ljubljana',' Slovenia'),(314,'Heraklion',' Greece'),(315,'El Paso',' United States'),(316,'Havana',' Cuba'),(317,'Tallinn',' Estonia'),(318,'Zaragoza (Saragossa)',' Spain'),(319,'Panama City',' Panama'),(320,'Manama',' Bahrain'),(321,'Shanghai',' China'),(322,'Riyadh',' Saudi Arabia'),(323,'Tartu',' Estonia'),(324,'Vigo',' Spain'),(325,'Seville (Sevilla)',' Spain'),(326,'Valencia',' Spain'),(327,'Paphos',' Cyprus'),(328,'Makati',' Philippines'),(329,'Ajman',' United Arab Emirates'),(330,'Jeddah (Jiddah)',' Saudi Arabia'),(331,'Malaga',' Spain'),(332,'Amman',' Jordan'),(333,'Granada',' Spain'),(334,'Montevideo',' Uruguay'),(335,'Prague',' Czech Republic'),(336,'Murcia',' Spain'),(337,'Lisbon',' Portugal'),(338,'Maribor',' Slovenia'),(339,'Split',' Croatia'),(340,'Kingston',' Jamaica'),(341,'Riga',' Latvia'),(342,'Alicante',' Spain'),(343,'Muscat',' Oman'),(344,'Shenzhen',' China'),(345,'Santa Cruz de Tenerife',' Spain'),(346,'Dakar',' Senegal'),(347,'Cascais',' Portugal'),(348,'Las Palmas de Gran Canaria',' Spain'),(349,'Addis Ababa',' Ethiopia'),(350,'Bangkok',' Thailand'),(351,'Rijeka',' Croatia'),(352,'Phnom Penh',' Cambodia'),(353,'Zagreb',' Croatia'),(354,'Beijing',' China'),(355,'Bratislava',' Slovakia'),(356,'Porto',' Portugal'),(357,'Brno',' Czech Republic'),(358,'Hangzhou',' China'),(359,'Paramaribo',' Suriname'),(360,'Funchal',' Portugal'),(361,'Sharjah',' United Arab Emirates'),(362,'Ad Dammam',' Saudi Arabia'),(363,'Olomouc',' Czech Republic'),(364,'Kosice',' Slovakia'),(365,'Kuwait City',' Kuwait'),(366,'San Jose',' Costa Rica'),(367,'Coimbra',' Portugal'),(368,'Abidjan',' Ivory Coast'),(369,'Braga',' Portugal'),(370,'Vilnius',' Lithuania'),(371,'Ostrava',' Czech Republic'),(372,'Aveiro',' Portugal'),(373,'Budapest',' Hungary'),(374,'Suzhou',' China'),(375,'Harare',' Zimbabwe'),(376,'Leiria',' Portugal'),(377,'Santiago',' Chile'),(378,'San Salvador',' El Salvador'),(379,'Caracas',' Venezuela'),(380,'Johannesburg',' South Africa'),(381,'Kaunas',' Lithuania'),(382,'Santo Domingo',' Dominican Republic'),(383,'Guatemala City',' Guatemala'),(384,'Phuket',' Thailand'),(385,'Warsaw',' Poland'),(386,'Chengdu',' China'),(387,'Osijek',' Croatia'),(388,'Quezon City',' Philippines'),(389,'Gdynia',' Poland'),(390,'Bali',' Indonesia'),(391,'Pretoria',' South Africa'),(392,'Gaborone',' Botswana'),(393,'Nanjing',' China'),(394,'Sofia',' Bulgaria'),(395,'Chiang Mai',' Thailand'),(396,'Moscow',' Russia'),(397,'Pattaya',' Thailand'),(398,'Gdansk',' Poland'),(399,'Krakow (Cracow)',' Poland'),(400,'Wroclaw',' Poland'),(401,'Guangzhou',' China'),(402,'Cape Town',' South Africa'),(403,'Jakarta',' Indonesia'),(404,'Pecs',' Hungary'),(405,'Manila',' Philippines'),(406,'Poznan',' Poland'),(407,'Quito',' Ecuador'),(408,'Durban',' South Africa'),(409,'Katowice',' Poland'),(410,'Cluj-Napoca',' Romania'),(411,'Bucharest',' Romania'),(412,'Szeged',' Hungary'),(413,'Belgrade',' Serbia'),(414,'Debrecen',' Hungary'),(415,'Petaling Jaya',' Malaysia'),(416,'Marrakech',' Morocco'),(417,'Podgorica',' Montenegro'),(418,'Szczecin',' Poland'),(419,'Kota Kinabalu',' Malaysia'),(420,'Kuala Lumpur',' Malaysia'),(421,'Varna',' Bulgaria'),(422,'Suva',' Fiji'),(423,'Cebu',' Philippines'),(424,'Ho Chi Minh City',' Vietnam'),(425,'Cancun',' Mexico'),(426,'Accra',' Ghana'),(427,'Tirana',' Albania'),(428,'Guayaquil',' Ecuador'),(429,'Monterrey',' Mexico'),(430,'Plovdiv',' Bulgaria'),(431,'Sarajevo',' Bosnia And Herzegovina'),(432,'Lublin',' Poland'),(433,'Erbil (Irbil)',' Iraq'),(434,'Santa Cruz',' Bolivia'),(435,'Isfahan (Esfahan)',' Iran'),(436,'Lodz',' Poland'),(437,'Saint Petersburg',' Russia'),(438,'Banja Luka',' Bosnia And Herzegovina'),(439,'Penang',' Malaysia'),(440,'La Paz',' Bolivia'),(441,'Sao Paulo',' Brazil'),(442,'Novi Sad',' Serbia'),(443,'Mexico City',' Mexico'),(444,'Lagos',' Nigeria'),(445,'Constanta',' Romania'),(446,'Iasi',' Romania'),(447,'Hanoi',' Vietnam'),(448,'Tangier',' Morocco'),(449,'Brasilia',' Brazil'),(450,'Burgas',' Bulgaria'),(451,'Baguio',' Philippines'),(452,'Rio de Janeiro',' Brazil'),(453,'Brasov',' Romania'),(454,'Casablanca',' Morocco'),(455,'Damascus',' Syria'),(456,'Sibiu',' Romania'),(457,'Timisoara',' Romania'),(458,'Kampala',' Uganda'),(459,'Nairobi',' Kenya'),(460,'Merida',' Mexico'),(461,'Rabat',' Morocco'),(462,'Qingdao',' China'),(463,'Queretaro',' Mexico'),(464,'Bandung',' Indonesia'),(465,'Oradea',' Romania'),(466,'Buenos Aires',' Argentina'),(467,'Dhaka',' Bangladesh'),(468,'Skopje',' North Macedonia'),(469,'Ulaanbaatar',' Mongolia'),(470,'Craiova',' Romania'),(471,'Agadir',' Morocco'),(472,'Baghdad',' Iraq'),(473,'Surabaya',' Indonesia'),(474,'Lima',' Peru'),(475,'Arad',' Romania'),(476,'Florianopolis',' Brazil'),(477,'Cuenca',' Ecuador'),(478,'Kiev (Kyiv)',' Ukraine'),(479,'Gurgaon',' India'),(480,'Guadalajara',' Mexico'),(481,'Kazan',' Russia'),(482,'Yerevan',' Armenia'),(483,'Dar es Salaam',' Tanzania'),(484,'Nizhny Novgorod',' Russia'),(485,'Colombo',' Sri Lanka'),(486,'Lusaka',' Zambia'),(487,'Nis',' Serbia'),(488,'Yekaterinburg',' Russia'),(489,'Minsk',' Belarus'),(490,'Krasnodar',' Russia'),(491,'Mashhad',' Iran'),(492,'Belo Horizonte',' Brazil'),(493,'Cairo',' Egypt'),(494,'Porto Alegre',' Brazil'),(495,'Kigali',' Rwanda'),(496,'Novosibirsk',' Russia'),(497,'Rostov-na-donu',' Russia'),(498,'Odessa (Odesa)',' Ukraine'),(499,'Chisinau',' Moldova'),(500,'Curitiba',' Brazil'),(501,'Baku',' Azerbaijan'),(502,'Tehran',' Iran'),(503,'Istanbul',' Turkey'),(504,'Tbilisi',' Georgia'),(505,'Yogyakarta',' Indonesia'),(506,'Asuncion',' Paraguay'),(507,'Kharkiv',' Ukraine'),(508,'Astana (Nur-Sultan)',' Kazakhstan'),(509,'Chandigarh',' India'),(510,'Almaty',' Kazakhstan'),(511,'Tunis',' Tunisia'),(512,'Kathmandu',' Nepal'),(513,'Algiers',' Algeria'),(514,'Lviv',' Ukraine'),(515,'Tashkent',' Uzbekistan'),(516,'Mumbai',' India'),(517,'Dnipro',' Ukraine'),(518,'Noida',' India'),(519,'Medellin',' Colombia'),(520,'Alexandria',' Egypt'),(521,'Barranquilla',' Colombia'),(522,'Navi Mumbai',' India'),(523,'Izmir',' Turkey'),(524,'Delhi',' India'),(525,'Bangalore',' India'),(526,'Bogota',' Colombia'),(527,'Goa',' India'),(528,'Pune',' India'),(529,'Ghaziabad',' India'),(530,'Thane',' India'),(531,'Ranchi',' India'),(532,'Ankara',' Turkey'),(533,'Hyderabad',' India'),(534,'Faridabad',' India'),(535,'Bishkek',' Kyrgyzstan'),(536,'Pristina',' Kosovo (Disputed Territory)'),(537,'Chennai',' India'),(538,'Ahmedabad',' India'),(539,'Kolkata',' India'),(540,'Cali',' Colombia'),(541,'Guwahati',' India'),(542,'Lucknow (Lakhnau)',' India'),(543,'Madurai',' India'),(544,'Surat',' India'),(545,'Vadodara',' India'),(546,'Vijayawada',' India'),(547,'Ludhiana',' India'),(548,'Cyberjaya',' Malaysia'),(549,'Raipur',' India'),(550,'Dehradun',' India'),(551,'Nashik',' India'),(552,'Indore',' India'),(553,'Rajkot',' India'),(554,'Nagpur',' India'),(555,'Ernakulam',' India'),(556,'Visakhapatnam',' India'),(557,'Jaipur',' India'),(558,'Patna',' India'),(559,'Mangalore',' India'),(560,'Bucaramanga',' Colombia'),(561,'Coimbatore',' India'),(562,'Bhopal',' India'),(563,'Bhubaneswar',' India'),(564,'Mysore',' India'),(565,'Kochi',' India'),(566,'Agra',' India'),(567,'Jammu',' India'),(568,'Thiruvananthapuram',' India'),(569,'Kozhikode (Calicut)',' India'),(570,'Lahore',' Pakistan'),(571,'Islamabad',' Pakistan'),(572,'Kabul',' Afghanistan'),(573,'Thrissur',' India'),(574,'Kanpur',' India'),(575,'Karachi',' Pakistan'),(576,'Rawalpindi',' Pakistan'),(577,'Multan',' Pakistan'),(578,'Peshawar',' Pakistan');
/*!40000 ALTER TABLE `cityinfo` ENABLE KEYS */;
UNLOCK TABLES;

--
-- Table structure for table `suggestions`
--

DROP TABLE IF EXISTS `suggestions`;
/*!40101 SET @saved_cs_client     = @@character_set_client */;
/*!50503 SET character_set_client = utf8mb4 */;
CREATE TABLE `suggestions` (
  `index_id` int(11) NOT NULL AUTO_INCREMENT,
  `city_id` int(11) DEFAULT NULL,
  `city_name` varchar(300) DEFAULT NULL,
  `country_name` varchar(300) DEFAULT NULL,
  `cost_of_living_index` float DEFAULT NULL,
  `rent_index` float DEFAULT NULL,
  `col_plus_rent_index` float DEFAULT NULL,
  `groceries_index` float DEFAULT NULL,
  `restaurant_price_index` float DEFAULT NULL,
  `local_purchasing_power_index` float DEFAULT NULL,
  `adjusted_income` float DEFAULT NULL,
  PRIMARY KEY (`index_id`),
  KEY `city_id` (`city_id`),
  CONSTRAINT `suggestions_ibfk_1` FOREIGN KEY (`city_id`) REFERENCES `cityinfo` (`city_id`)
) ENGINE=InnoDB DEFAULT CHARSET=utf8;
/*!40101 SET character_set_client = @saved_cs_client */;

--
-- Dumping data for table `suggestions`
--

LOCK TABLES `suggestions` WRITE;
/*!40000 ALTER TABLE `suggestions` DISABLE KEYS */;
/*!40000 ALTER TABLE `suggestions` ENABLE KEYS */;
UNLOCK TABLES;

--
-- Table structure for table `userinfo`
--

DROP TABLE IF EXISTS `userinfo`;
/*!40101 SET @saved_cs_client     = @@character_set_client */;
/*!50503 SET character_set_client = utf8mb4 */;
CREATE TABLE `userinfo` (
  `id` int(11) NOT NULL AUTO_INCREMENT,
  `user_name` varchar(50) NOT NULL,
  `email_address` varchar(100) NOT NULL,
  `user_password` varchar(255) NOT NULL,
  PRIMARY KEY (`id`)
) ENGINE=InnoDB AUTO_INCREMENT=5 DEFAULT CHARSET=utf8;
/*!40101 SET character_set_client = @saved_cs_client */;

--
-- Dumping data for table `userinfo`
--

LOCK TABLES `userinfo` WRITE;
/*!40000 ALTER TABLE `userinfo` DISABLE KEYS */;
INSERT INTO `userinfo` VALUES (1,'test','test@iu.edu','test'),(2,'test','test@iu.edu','test'),(3,'user','user@iu.edu','admin'),(4,'user1','user@iupui.edu','admin');
/*!40000 ALTER TABLE `userinfo` ENABLE KEYS */;
UNLOCK TABLES;

--
-- Table structure for table `userinput`
--

DROP TABLE IF EXISTS `userinput`;
/*!40101 SET @saved_cs_client     = @@character_set_client */;
/*!50503 SET character_set_client = utf8mb4 */;
CREATE TABLE `userinput` (
  `user_id` int(11) NOT NULL AUTO_INCREMENT,
  `city_id` int(11) NOT NULL,
  `current_income` int(11) NOT NULL,
  `cost_of_living_index` int(11) NOT NULL,
  `savings_priority` int(1) DEFAULT NULL,
  `rent_priority` int(1) DEFAULT NULL,
  `groceries_priority` int(1) DEFAULT NULL,
  `restaurant_priority` int(1) DEFAULT NULL,
  `travel_priority` int(1) DEFAULT NULL,
  PRIMARY KEY (`user_id`),
  KEY `city_id` (`city_id`),
  CONSTRAINT `userinput_ibfk_1` FOREIGN KEY (`city_id`) REFERENCES `cityindex` (`city_id`)
) ENGINE=InnoDB AUTO_INCREMENT=5 DEFAULT CHARSET=utf8;
/*!40101 SET character_set_client = @saved_cs_client */;

--
-- Dumping data for table `userinput`
--

LOCK TABLES `userinput` WRITE;
/*!40000 ALTER TABLE `userinput` DISABLE KEYS */;
INSERT INTO `userinput` VALUES (1,12,120000,102,3,2,4,5,1),(4,14,10000,100,3,2,1,5,4);
/*!40000 ALTER TABLE `userinput` ENABLE KEYS */;
UNLOCK TABLES;

--
-- Table structure for table `users`
--

DROP TABLE IF EXISTS `users`;
/*!40101 SET @saved_cs_client     = @@character_set_client */;
/*!50503 SET character_set_client = utf8mb4 */;
CREATE TABLE `users` (
  `id` int(11) NOT NULL AUTO_INCREMENT,
  `username` varchar(50) NOT NULL,
  `email` varchar(100) NOT NULL,
  `user_password` varchar(255) NOT NULL,
  PRIMARY KEY (`id`)
) ENGINE=InnoDB DEFAULT CHARSET=utf8;
/*!40101 SET character_set_client = @saved_cs_client */;

--
-- Dumping data for table `users`
--

LOCK TABLES `users` WRITE;
/*!40000 ALTER TABLE `users` DISABLE KEYS */;
/*!40000 ALTER TABLE `users` ENABLE KEYS */;
UNLOCK TABLES;
/*!40103 SET TIME_ZONE=@OLD_TIME_ZONE */;

/*!40101 SET SQL_MODE=@OLD_SQL_MODE */;
/*!40014 SET FOREIGN_KEY_CHECKS=@OLD_FOREIGN_KEY_CHECKS */;
/*!40014 SET UNIQUE_CHECKS=@OLD_UNIQUE_CHECKS */;
/*!40101 SET CHARACTER_SET_CLIENT=@OLD_CHARACTER_SET_CLIENT */;
/*!40101 SET CHARACTER_SET_RESULTS=@OLD_CHARACTER_SET_RESULTS */;
/*!40101 SET COLLATION_CONNECTION=@OLD_COLLATION_CONNECTION */;
/*!40111 SET SQL_NOTES=@OLD_SQL_NOTES */;

-- Dump completed on 2023-07-28  4:29:49
